Workbook

Sheet Timesheet
A1: TIMESHEET SETTIMANALE
A2: Settimana: Lun 23/02/2026 – Dom 01/03/2026
A4: Cliente | B4: Commessa | C4: Tipo | D4: €/h | E4: Lun 23/02 | F4: Mar 24/02 | G4: Mer 25/02 | H4: Gio 26/02 | I4: Ven 27/02 | J4: Sab 28/02 | K4: Dom 01/03 | L4: Tot Ore | M4: Tot € | N4: Note Lun | O4: Note Mar | P4: Note Mer | Q4: Note Gio | R4: Note Ven | S4: Note Sab | T4: Note Dom
A5: Acme Srl | B5: Progetto Web 2026 | C5: Sviluppo | D5: 50 | E5: 8 | F5: 7.5 | G5: 8 | H5: 6 | I5: 4 | J5: 0 | K5: 0 | L5: =SUM(E5:K5) -> 33.5 | M5: =L5*D5 -> 1675
A6: Acme Srl | B6: Manutenzione sito | C6: Manutenzione | D6: 40 | E6: 2 | F6: 0 | G6: 1 | H6: 0 | I6: 2 | J6: 0 | K6: 0 | L6: =SUM(E6:K6) -> 5 | M6: =L6*D6 -> 200
A7: Beta Corp | B7: Consulenza CRM | C7: Consulenza | D7: 65 | E7: 0 | F7: 4 | G7: 0 | H7: 8 | I7: 4 | J7: 0 | K7: 0 | L7: =SUM(E7:K7) -> 16 | M7: =L7*D7 -> 1040
A8: Beta Corp | B8: Formazione team | C8: Formazione | D8: 55 | E8: 0 | F8: 0 | G8: 4 | H8: 0 | I8: 0 | J8: 0 | K8: 0 | L8: =SUM(E8:K8) -> 4 | M8: =L8*D8 -> 220
A9: Gamma Design | B9: Supporto tecnico | C9: Supporto | D9: 35 | E9: 1 | F9: 1 | G9: 1 | H9: 1 | I9: 1 | J9: 0 | K9: 0 | L9: =SUM(E9:K9) -> 5 | M9: =L9*D9 -> 175
L10: =SUM(E10:K10) -> 0 | M10: =L10*D10 -> 0
L11: =SUM(E11:K11) -> 0 | M11: =L11*D11 -> 0
L12: =SUM(E12:K12) -> 0 | M12: =L12*D12 -> 0
L13: =SUM(E13:K13) -> 0 | M13: =L13*D13 -> 0
L14: =SUM(E14:K14) -> 0 | M14: =L14*D14 -> 0
L15: =SUM(E15:K15) -> 0 | M15: =L15*D15 -> 0
L16: =SUM(E16:K16) -> 0 | M16: =L16*D16 -> 0
L17: =SUM(E17:K17) -> 0 | M17: =L17*D17 -> 0
L18: =SUM(E18:K18) -> 0 | M18: =L18*D18 -> 0
L19: =SUM(E19:K19) -> 0 | M19: =L19*D19 -> 0
L20: =SUM(E20:K20) -> 0 | M20: =L20*D20 -> 0
L21: =SUM(E21:K21) -> 0 | M21: =L21*D21 -> 0
... L24: =SUM(E24:K24) -> 0 | M24: =L24*D24 -> 0
A25: TOTALE | E25: =SUM(E5:E24) -> 11 | F25: =SUM(F5:F24) -> 12.5 | G25: =SUM(G5:G24) -> 14 | H25: =SUM(H5:H24) -> 15 | I25: =SUM(I5:I24) -> 11 | J25: =SUM(J5:J24) -> 0 | K25: =SUM(K5:K24) -> 0 | L25: =SUM(L5:L24) -> 63.5 | M25: =SUM(M5:M24) -> 3310

Sheet Dashboard
A1: DASHBOARD SETTIMANALE
A3: Totale Ore | C3: Totale Fatturato | F3: Ore Medie / Giorno | H3: Clienti Attivi
A4: =Timesheet!L25 -> 63.5 | C4: =Timesheet!M25 -> 3310 | F4: =IF(Timesheet!L25=0,0,Timesheet!L25/7) -> 9.0714286 | H4: =SUMPRODUCT((LEN(TRIM(Timesheet!A5:A24))>0)*(1/COUNTIF(Timesheet!A5:A24,Timesheet!A5:A24))) -> #DIV/0!
A6: Riepilogo per Cliente | F6: Riepilogo per Tipo Attività
A7: Cliente | B7: Ore Totali | C7: Fatturato € | D7: % Ore | F7: Tipo | G7: Ore | H7: Fatturato € | I7: % Ore
A8: Acme Srl | B8: =SUMPRODUCT((Timesheet!A5:A24=A8)*Timesheet!L5:L24) -> 38.5 | C8: =SUMPRODUCT((Timesheet!A5:A24=A8)*Timesheet!M5:M24) -> 1875 | D8: =IF(Timesheet!L25=0,0,B8/Timesheet!L25) -> 0.60629921 | F8: Sviluppo | G8: =SUMPRODUCT((Timesheet!C5:C24=F8)*Timesheet!L5:L24) -> 33.5 | H8: =SUMPRODUCT((Timesheet!C5:C24=F8)*Timesheet!M5:M24) -> 1675 | I8: =IF(Timesheet!L25=0,0,G8/Timesheet!L25) -> 0.52755906
A9: Beta Corp | B9: =SUMPRODUCT((Timesheet!A5:A24=A9)*Timesheet!L5:L24) -> 20 | C9: =SUMPRODUCT((Timesheet!A5:A24=A9)*Timesheet!M5:M24) -> 1260 | D9: =IF(Timesheet!L25=0,0,B9/Timesheet!L25) -> 0.31496063 | F9: Manutenzione | G9: =SUMPRODUCT((Timesheet!C5:C24=F9)*Timesheet!L5:L24) -> 5 | H9: =SUMPRODUCT((Timesheet!C5:C24=F9)*Timesheet!M5:M24) -> 200 | I9: =IF(Timesheet!L25=0,0,G9/Timesheet!L25) -> 0.078740157
A10: Gamma Design | B10: =SUMPRODUCT((Timesheet!A5:A24=A10)*Timesheet!L5:L24) -> 5 | C10: =SUMPRODUCT((Timesheet!A5:A24=A10)*Timesheet!M5:M24) -> 175 | D10: =IF(Timesheet!L25=0,0,B10/Timesheet!L25) -> 0.078740157 | F10: Consulenza | G10: =SUMPRODUCT((Timesheet!C5:C24=F10)*Timesheet!L5:L24) -> 16 | H10: =SUMPRODUCT((Timesheet!C5:C24=F10)*Timesheet!M5:M24) -> 1040 | I10: =IF(Timesheet!L25=0,0,G10/Timesheet!L25) -> 0.2519685
F11: Formazione | G11: =SUMPRODUCT((Timesheet!C5:C24=F11)*Timesheet!L5:L24) -> 4 | H11: =SUMPRODUCT((Timesheet!C5:C24=F11)*Timesheet!M5:M24) -> 220 | I11: =IF(Timesheet!L25=0,0,G11/Timesheet!L25) -> 0.062992126
F12: Supporto | G12: =SUMPRODUCT((Timesheet!C5:C24=F12)*Timesheet!L5:L24) -> 5 | H12: =SUMPRODUCT((Timesheet!C5:C24=F12)*Timesheet!M5:M24) -> 175 | I12: =IF(Timesheet!L25=0,0,G12/Timesheet!L25) -> 0.078740157
F13: Altro | G13: =SUMPRODUCT((Timesheet!C5:C24=F13)*Timesheet!L5:L24) -> 0 | H13: =SUMPRODUCT((Timesheet!C5:C24=F13)*Timesheet!M5:M24) -> 0 | I13: =IF(Timesheet!L25=0,0,G13/Timesheet!L25) -> 0
A16: Distribuzione Giornaliera
A17: Giorno | B17: Ore
A18: Lun | B18: =SUM(Timesheet!E5:E24) -> 11
A19: Mar | B19: =SUM(Timesheet!F5:F24) -> 12.5
A20: Mer | B20: =SUM(Timesheet!G5:G24) -> 14
A21: Gio | B21: =SUM(Timesheet!H5:H24) -> 15
A22: Ven | B22: =SUM(Timesheet!I5:I24) -> 11
A23: Sab | B23: =SUM(Timesheet!J5:J24) -> 0
A24: Dom | B24: =SUM(Timesheet!K5:K24) -> 0
